Title,Artist,Chords
"""Last Night""",Morgan Wallen,not found
"""Flowers""",Miley Cyrus,"['Cmaj7', 'Am', 'Dm', 'G', 'C', 'Am', 'Dm', 'G', 'C', 'Am', 'Dm', 'E7', 'Am', 'Dm', 'G', 'C', 'C/B', 'Am', 'Dm', 'G', 'C', 'C/B', 'Am', 'Dm', 'G', 'C', 'C/B', 'F', 'E7', 'Am', 'Dm', 'G', 'C', 'C/B', 'Am', 'Dm', 'G', 'C', 'Cmaj7', 'Am', 'Dm', 'G', 'C', 'Cmaj7', 'Am', 'Dm', 'E7', 'Am', 'Dm', 'G', 'C', 'C/B', 'Am', 'Dm', 'G', 'C', 'C/B', 'Am', 'Dm', 'G', 'C', 'C/B', 'F', 'E7', 'Am', 'Dm', 'G', 'C', 'C/B', 'Am', 'Dm', 'G', 'C', 'Am', 'Dm', 'E7', 'Am', 'Dm', 'G', 'C', 'C/B', 'Am', 'Dm', 'G', 'C', 'C/B', 'Am', 'Dm', 'G', 'C', 'C/B', 'F', 'E7', 'F', 'E7', 'Am', 'Dm', 'G', 'C', 'C/B', 'Am', 'Dm', 'G', 'C', 'C/B', 'Am']"
"""Kill Bill""",SZA,"['Am', 'D', 'G', 'E', 'Am', 'D', 'G', 'E', 'Am', 'D', 'G', 'E', 'Am', 'D', 'G', 'E', 'Am', 'D', 'G', 'E', 'Am', 'D', 'G', 'E', 'Am', 'D', 'G', 'E', 'Am', 'D', 'G', 'E', 'Am', 'D', 'G', 'E', 'Am', 'D', 'G', 'E', 'Am', 'D', 'G', 'E', 'Am', 'D', 'G', 'Am', 'D', 'G', 'E', 'Am', 'D', 'G']"
"""Anti-Hero""",Taylor Swift,"['A', 'E', 'B', 'C#m', 'A', 'E', 'B', 'C#m', 'A', 'E', 'B', 'C#m', 'A', 'E', 'B', 'C#m', 'A', 'E', 'B', 'C#m', 'A', 'E', 'B', 'C#m', 'A', 'E', 'B', 'C#m', 'A', 'E', 'B', 'C#m', 'A', 'E', 'B', 'C#m', 'A', 'E', 'B', 'C#m', 'A', 'E', 'B', 'C#m', 'A', 'E', 'B', 'C#m', 'A', 'E', 'B', 'C#m', 'A', 'E', 'B', 'C#m', 'A', 'E', 'B', 'C#m', 'A', 'E', 'B', 'C#m', 'A', 'E', 'B', 'C#m', 'A', 'E', 'B', 'C#m', 'A', 'E', 'B', 'C#m', 'A', 'E', 'B', 'C#m', 'A', 'E', 'B', 'C#m', 'A', 'E', 'B', 'C#m', 'A', 'E', 'B', 'C#m', 'A', 'E', 'B', 'C#m', 'A', 'E', 'B', 'C#m', 'A', 'E', 'B', 'C#m', 'A', 'E', 'B', 'C#m', 'A', 'E', 'B', 'C#m', 'A', 'E', 'B', 'C#m', 'A', 'E', 'B', 'C#m', 'A', 'E', 'B', 'C#m', 'A', 'E', 'B', 'C#m', 'A', 'E', 'B', 'C#m', 'A', 'E', 'B', 'C#m', 'A', 'E', 'B', 'C#m', 'A', 'E', 'B', 'C#m', 'A', 'E', 'B', 'C#m', 'A', 'E', 'B', 'C#m', 'A', 'E', 'B', 'C#m']"
"""Creepin'""","Metro Boomin, the Weeknd and 21 Savage","['Am', 'Em', 'F', 'C', 'E', 'Am', 'Em', 'F', 'C', 'E', 'Am', 'Em', 'F', 'C', 'Am', 'Em', 'F', 'C', 'E', 'Am', 'Em', 'F', 'G', 'E', 'Am', 'Am', 'Em', 'F', 'C', 'E', 'Am', 'Em', 'F', 'C', 'E', 'Am', 'Em', 'F', 'G', 'Am', 'Em', 'F', 'G', 'E', 'Am', 'Em', 'F', 'G', 'Am', 'Am', 'Em', 'F', 'C', 'E', 'Am', 'Em', 'F', 'G', 'E', 'Am', 'Am', 'Em', 'F', 'C', 'E', 'Am', 'Em', 'F', 'C', 'E', 'Am', 'Em', 'F', 'C', 'Em', 'Am', 'Em', 'F', 'C', 'E', 'E', 'Am', 'Em', 'F', 'G', 'E', 'Am', 'Em', 'F', 'G', 'Am', 'Em', 'F', 'C', 'E', 'Am', 'Em', 'F', 'G', 'Am', 'Am', 'Em', 'F', 'C', 'Am', 'Em', 'F', 'C']"
"""Calm Down""",Rema and Selena Gomez,"['D', 'Dsus2', 'A', 'D', 'Dsus2', 'A', 'A', 'D', 'Dsus2', 'A', 'D', 'Dsus2', 'A', 'D', 'Dsus2', 'A', 'A', 'D', 'Dsus2', 'E', 'A', 'D', 'Dsus2', 'E', 'A', 'D', 'D', 'Dsus2', 'A', 'A', 'D', 'Dsus2', 'A', 'A', 'D', 'D', 'Dsus2', 'A', 'A', 'D', 'D', 'Dsus2', 'A', 'A', 'D', 'Dsus2', 'A', 'D', 'Dsus2', 'A', 'A', 'D', 'Dsus2', 'E', 'A', 'D', 'Dsus2', 'E', 'A', 'D', 'A', 'D', 'Dsus2', 'A', 'D', 'Dsus2', 'A', 'D', 'Dsus2', 'A', 'D', 'Dsus2', 'A', 'D', 'Dsus2', 'A', 'A', 'D', 'Dsus2', 'E', 'A', 'D', 'Dsus2', 'E', 'A', 'D', 'D', 'Dsus2', 'A', 'D', 'Dsus2', 'A', 'A']"
"""Die for You""",The Weeknd and Ariana Grande,not found
"""Fast Car""",Luke Combs,"['Cmaj7', 'G', 'Em', 'D', 'Cmaj7', 'G', 'Em', 'D', 'Cmaj7', 'G', 'Em', 'D', 'Cmaj7', 'G', 'Em', 'D', 'Cmaj7', 'G', 'Em', 'D', 'Cmaj7', 'G', 'Em', 'D', 'Cmaj7', 'G', 'Em', 'D', 'Cmaj7', 'G', 'Em', 'D', 'Cmaj7', 'G', 'Em', 'D', 'Cmaj7', 'G', 'Em', 'D', 'Cmaj7', 'G', 'Em', 'D', 'Cmaj7', 'G', 'Em', 'D', 'Cmaj7', 'G', 'Em', 'D', 'Cmaj7', 'G', 'Em', 'D', 'Cmaj7', 'G', 'Em', 'D', 'Cmaj7', 'G', 'Em', 'D', 'Cmaj7', 'G', 'Em', 'D', 'Cmaj7', 'G', 'Em', 'D', 'Cmaj7', 'G', 'Em', 'D', 'Cmaj7', 'G', 'Em', 'D', 'D', 'C', 'G', 'Em', 'D', 'C', 'Em', 'D', 'C', 'Em', 'D', 'C', 'D', 'Cmaj7', 'G', 'Em', 'D', 'Cmaj7', 'G', 'Em', 'D', 'Cmaj7', 'G', 'Em', 'D', 'Cmaj7', 'G', 'Em', 'D', 'Cmaj7', 'G', 'Em', 'D', 'Cmaj7', 'G', 'Em', 'D', 'D', 'C', 'G', 'Em', 'D', 'C', 'Em', 'D', 'C', 'Em', 'D', 'C', 'D', 'Cmaj7', 'G', 'Em', 'D', 'Cmaj7', 'G', 'Em', 'D', 'Cmaj7', 'G', 'Em', 'D', 'Cmaj7', 'G', 'Em', 'D', 'Cmaj7', 'G', 'Em', 'D', 'Cmaj7', 'G', 'Em', 'D', 'D', 'C', 'G', 'Em', 'D', 'C', 'Em', 'D', 'C', 'Em', 'D', 'C', 'D', 'Cmaj7', 'G', 'Em', 'D', 'Cmaj7', 'G', 'Em', 'D', 'Cmaj7', 'G', 'Em', 'D', 'Cmaj7', 'G', 'Em', 'D', 'Cmaj7', 'G', 'Em', 'D', 'Cmaj7', 'G']"
"""Snooze""",SZA,"['Dm7', 'Em7', 'Fmaj7', 'Dm7', 'Em7', 'Fmaj7', 'Dm7', 'Em7', 'Fmaj7', 'Fmaj7', 'Dm7', 'Em7', 'Fmaj7', 'Dm7', 'Em7', 'Fmaj7', 'Dm7', 'Em7', 'Fmaj7', 'Dm7', 'Em7', 'Fmaj7', 'Dm7', 'Em7', 'Fmaj7', 'Dm7', 'Em7', 'Fmaj7', 'Dm7', 'Em7', 'Fmaj7', 'Dm7', 'Em7', 'Fmaj7', 'Dm7', 'Em7', 'Fmaj7', 'Dm7', 'Em7', 'Fmaj7', 'Fmaj7', 'Dm7', 'Em7', 'Fmaj7', 'Dm7', 'Em7', 'Fmaj7', 'Dm7', 'Em7', 'Fmaj7', 'Dm7', 'Em7', 'Fmaj7', 'Dm7', 'Em7', 'Fmaj7', 'Dm7', 'Em7', 'Fmaj7', 'Dm7', 'Em7', 'Fmaj7', 'Fmaj7', 'Dm7', 'Em7', 'Fmaj7', 'Dm7', 'Em7', 'Fmaj7', 'Dm7', 'Em7', 'Fmaj7', 'Dm7', 'Em7', 'Fmaj7', 'Dm7', 'Em7', 'Fmaj7', 'Dm7', 'Em7', 'Fmaj7', 'Dm7', 'Em7', 'Fmaj7', 'Dm7', 'Em7', 'Fmaj7', 'Dm7', 'Em7', 'Fmaj7', 'Dm7', 'Em7', 'Fmaj7']"
"""I'm Good (Blue)""",David Guetta and Bebe Rexha,"['Gm', 'Gm', 'F', 'Eb', 'Cm', 'Gm', 'F', 'Eb', 'Cm', 'Gm', 'F', 'Eb', 'Cm', 'Gm', 'F', 'Eb', 'Gm', 'F', 'Eb', 'Cm', 'Gm', 'F', 'Eb', 'Cm', 'Gm', 'F', 'Eb', 'Cm', 'Gm', 'F', 'Eb', 'Gm', 'F', 'Eb', 'Cm', 'Gm', 'F', 'Eb', 'Cm', 'Gm', 'F', 'Eb', 'Cm', 'Gm', 'F', 'Eb', 'Cm', 'Gm', 'F', 'Eb', 'Cm', 'Gm', 'F', 'Eb', 'Cm', 'Gm', 'F', 'Eb', 'Cm', 'Gm', 'F', 'Eb', 'Cm', 'Gm', 'F', 'Eb', 'Cm', 'Gm', 'F', 'Eb', 'Cm', 'Gm', 'F', 'Eb', 'Cm', 'Gm', 'F', 'Eb', 'Cm', 'Gm', 'F', 'Eb', 'Cm', 'Gm', 'F', 'Eb', 'Cm', 'Gm', 'F', 'Eb', 'Cm', 'Gm', 'F', 'Eb', 'Gm', 'F', 'Eb', 'Cm', 'Gm', 'F', 'Eb', 'Cm', 'Gm', 'F', 'Eb', 'Cm', 'Gm', 'F', 'Eb', 'Cm', 'Gm', 'F', 'Eb', 'Cm', 'Gm', 'F', 'Eb', 'Cm', 'Gm', 'F', 'Eb', 'Cm', 'Gm', 'F', 'Eb', 'Cm', 'Gm', 'F', 'Eb', 'Cm', 'Gm', 'F', 'Eb', 'Cm', 'Gm', 'F', 'Eb', 'Cm', 'Gm', 'F', 'Eb', 'Gm', 'F', 'Eb', 'Cm', 'Gm', 'F', 'Eb', 'Cm', 'Gm', 'F', 'Eb', 'Cm', 'Gm', 'F', 'Eb', 'Cm', 'Gm', 'F', 'Eb', 'Cm', 'Gm', 'F', 'Eb']"
"""Unholy""",Sam Smith and Kim Petras,"['C#', 'D', 'C#', 'D', 'C#', 'D', 'C#', 'C#', 'D', 'C#', 'C#', 'D', 'C#', 'D', 'C#', 'D', 'C#', 'D', 'C#', 'D', 'C#', 'D', 'C#', 'D', 'C#', 'D', 'C#', 'D', 'C#', 'D', 'C#', 'D', 'C#', 'D', 'C#', 'D', 'C#', 'D', 'C#', 'D', 'C#', 'D', 'C#', 'D', 'C#', 'D', 'C#', 'D', 'C#', 'D', 'C#', 'D', 'C#', 'D', 'C#', 'D', 'C#', 'D', 'C#', 'D', 'C#', 'D', 'C#', 'D', 'C#', 'D', 'C#', 'D', 'C#', 'D', 'C#', 'D', 'C#', 'D', 'C#', 'D', 'C#', 'D', 'C#', 'D', 'C#', 'D']"
"""You Proof""",Morgan Wallen,"['D', 'F#m', 'A', 'D', 'F#m', 'A', 'D', 'F#m', 'A', 'D', 'F#m', 'A', 'D', 'F#m', 'A', 'D', 'F#m', 'A', 'D', 'F#m', 'A', 'D', 'F#m', 'A', 'D', 'F#m', 'A', 'D', 'F#m', 'A', 'D', 'F#m', 'A', 'D', 'F#m', 'A', 'D', 'F#m', 'A', 'D', 'F#m', 'A', 'A', 'D', 'F#m', 'A', 'D', 'F#m', 'A', 'D', 'F#m', 'A', 'A', 'D', 'F#m', 'A', 'D', 'F#m', 'A', 'D', 'F#m', 'A', 'D', 'F#m', 'A', 'D', 'F#m', 'A', 'D', 'F#m', 'A', 'D', 'F#m', 'A', 'D', 'F#m', 'A', 'D', 'F#m', 'A', 'D', 'F#m', 'A', 'D', 'F#m', 'A', 'D', 'F#m', 'A', 'D', 'F#m', 'A', 'D', 'F#m', 'A', 'D', 'F#m', 'A', 'D', 'F#m', 'A', 'D', 'F#m', 'A']"
"""Something in the Orange""",Zach Bryan,"['Em7', 'G', 'G', 'Em', 'Em7', 'D/F#', 'G', 'G', 'D/F#', 'Em', 'Em7', 'D/F#', 'G', 'G', 'D/F#', 'Em7', 'Em7', 'D/F#', 'G', 'G', 'D/F#', 'Em7', 'Em7', 'D/F#', 'G', 'G', 'D/F#', 'Em7', 'Cadd9', 'G', 'D', 'Em7', 'Cadd9', 'G', 'D', 'Em7', 'Cadd9', 'G', 'D', 'Em7', 'Cadd9', 'G', 'D', 'Em7', 'Cadd9', 'G', 'D', 'Em7', 'Em7', 'D/F#', 'G', 'G', 'D/F#', 'Em7', 'Em7', 'D/F#', 'G', 'G', 'D/F#', 'Em7', 'Cadd9', 'G', 'D', 'Em7', 'Cadd9', 'G', 'D', 'Em7', 'Cadd9', 'G', 'D', 'Em7', 'Cadd9', 'G', 'D', 'Em7', 'Cadd9', 'G', 'D', 'Em7', 'Cadd9', 'G', 'D', 'Em7', 'Cadd9', 'G', 'D', 'Em7', 'Cadd9', 'G', 'D', 'Em7', 'Cadd9', 'G', 'D', 'Em7', 'D', 'Em']"
"""Rich Flex""",Drake and 21 Savage,not found
"""As It Was""",Harry Styles,"['Am', 'D', 'G', 'C', 'Am', 'D', 'G', 'C', 'Am', 'D', 'G', 'C', 'Am', 'D', 'G', 'C', 'Am', 'D', 'G', 'C', 'Am', 'D', 'G', 'C', 'Am', 'D', 'G', 'C', 'Am', 'D', 'G', 'C', 'Am', 'D', 'G', 'C', 'Am', 'D', 'G', 'C', 'Am', 'D', 'G', 'C', 'Am', 'D', 'G', 'Am', 'D', 'G', 'C', 'Am', 'D', 'G']"
"""Rock and a Hard Place""",Bailey Zimmerman,"['Am', 'C', 'F', 'C', 'Am', 'C', 'F', 'C', 'C', 'Am', 'C', 'F', 'C', 'Am', 'C', 'F', 'C', 'Am', 'C', 'F', 'Am', 'C', 'F', 'C', 'Am', 'C', 'F', 'Am', 'C', 'F', 'C', 'Am', 'C', 'F', 'Am', 'G/B', 'F', 'C', 'Am', 'C', 'F', 'F', 'G', 'F', 'Am', 'C', 'F', 'Am', 'Am', 'C', 'F', 'C', 'Am', 'C', 'F', 'Am', 'C', 'F', 'Am', 'C', 'F', 'C', 'Am', 'C', 'F', 'Am', 'G/B', 'F', 'C', 'Am', 'C', 'F', 'F', 'G', 'F', 'Am', 'C', 'F', 'C', 'Am', 'G/B', 'F', 'F', 'G', 'F', 'Am', 'G/B', 'F', 'Am', 'G', 'F', 'C', 'Am', 'C', 'F', 'Am', 'C', 'F', 'C', 'Am', 'C', 'F', 'F', 'G', 'F', 'G', 'F', 'Am', 'C', 'F', 'C', 'Am', 'C', 'F', 'C']"
"""Under the Influence""",Chris Brown,"['Am', 'Cadd9', 'Fmaj7', 'G', 'Am', 'Cmaj9', 'Fmaj7', 'G', 'Am', 'C', 'F', 'G', 'Am', 'C', 'F', 'G', 'Am', 'C', 'F', 'G', 'Am', 'C', 'F', 'G', 'Am', 'C', 'F', 'G', 'Am', 'C', 'F', 'G', 'Am', 'C', 'F', 'G', 'Am', 'F', 'G', 'Am', 'F', 'G', 'Am', 'F', 'G', 'Am', 'F', 'G', 'Am', 'C', 'F', 'G', 'Am', 'C', 'F', 'G', 'Am', 'C', 'F', 'G', 'Am', 'C', 'F', 'G', 'Am', 'C', 'F', 'G', 'Am', 'Em', 'F', 'G', 'Am', 'Em', 'F', 'G']"
"""Cruel Summer""",Taylor Swift,"['C', 'G', 'D', 'Bm', 'Bm', 'Em', 'Em', 'C', 'G', 'C', 'D', 'Bm', 'Em', 'C', 'D', 'Bm', 'Em', 'C', 'D', 'Bm', 'Em', 'C', 'D', 'G', 'Bm', 'Em', 'C', 'G', 'Bm', 'Em', 'C', 'G', 'C', 'D', 'Bm', 'Em', 'C', 'D', 'Bm', 'Em', 'C', 'D', 'Bm', 'Em', 'C', 'D', 'G', 'Bm', 'Em', 'C', 'G', 'Bm', 'Em', 'C', 'G', 'G', 'Bm', 'Em', 'C', 'G', 'Bm', 'Em', 'C', 'G', 'Bm', 'Em', 'C', 'G', 'Bm', 'Em', 'C', 'G', 'G', 'Bm', 'Em', 'C', 'G', 'Bm', 'Em', 'C', 'G']"
"""Thinkin' Bout Me""",Morgan Wallen,"['D#m', 'C#', 'B', 'F#', 'G#m', 'D#m', 'C#', 'B', 'F#', 'G#m', 'D#m', 'C#', 'B', 'F#', 'G#m', 'D#m', 'C#', 'B', 'F#', 'G#m', 'D#m', 'C#', 'B', 'F#', 'G#m', 'D#m', 'C#', 'B', 'F#', 'G#m', 'D#m', 'C#', 'B', 'F#', 'G#m', 'D#m', 'C#', 'B', 'F#', 'G#m', 'D#m', 'C#', 'B', 'F#', 'G#m', 'D#m', 'C#', 'B', 'F#', 'G#m', 'D#m', 'C#', 'B', 'F#', 'G#m', 'D#m', 'C#', 'B', 'F#', 'G#m', 'D#m', 'D#m', 'C#', 'B', 'F#', 'G#m', 'D#m', 'C#', 'B', 'F#', 'G#m', 'D#m', 'C#', 'B', 'F#', 'G#m', 'D#m', 'C#', 'B', 'F#', 'G#m', 'D#m', 'C#', 'B', 'F#', 'G#m', 'D#m', 'B', 'G#m', 'D#m', 'C#', 'B', 'F#', 'G#m', 'D#m', 'C#', 'B', 'F#', 'G#m', 'D#m', 'C#', 'B', 'F#', 'G#m', 'D#m', 'C#', 'B', 'F#', 'G#m', 'D#m', 'C#', 'B', 'F#', 'G#m', 'D#m']"
"""Boy's a Liar Pt. 2""",PinkPantheress and Ice Spice,not found
"""Favorite Song""",Toosii,"['D', 'A', 'Bm', 'A', 'G', 'D', 'A', 'Bm', 'A', 'G', 'D', 'A', 'Bm', 'A', 'G', 'D', 'D', 'A', 'Bm', 'G', 'D', 'A', 'Bm', 'A', 'G', 'D', 'A', 'Bm', 'A', 'G', 'D', 'A', 'Bm', 'A', 'G', 'D', 'A', 'Bm', 'A', 'G', 'D', 'A', 'Bm', 'A', 'G', 'D', 'A', 'Bm', 'A', 'G', 'D', 'A', 'Bm', 'A', 'G', 'D', 'A', 'Bm', 'A', 'G']"
"""Thought You Should Know""",Morgan Wallen,"['G', 'D/F#', 'Am7', 'G', 'D/F#', 'Am7', 'G', 'D/F#', 'Am7', 'Cadd9', 'G/B', 'Am7', 'G', 'D/F#', 'Am7', 'G', 'D/F#', 'Am7', 'G', 'D/F#', 'Am7', 'G', 'D/F#', 'Am7', 'G', 'D/F#', 'Am7', 'G', 'D/F#', 'Am7', 'G', 'D/F#', 'Am7', 'G', 'D/F#', 'Am7', 'Cadd9', 'G/B', 'Am7', 'G', 'D/F#', 'Am7', 'G', 'D/F#', 'Am7', 'G', 'D/F#', 'Am7', 'G', 'D/F#', 'Am7', 'G', 'D/F#', 'Am7', 'G', 'D/F#', 'Am7', 'Cadd9', 'G/B', 'Am7', 'G', 'D/F#', 'Am7', 'G', 'D/F#', 'Am7', 'G', 'D/F#', 'Am7', 'G', 'D/F#', 'Am7', 'G', 'D/F#', 'Am7', 'G', 'D/F#', 'Am7', 'G', 'D/F#', 'Am7', 'G', 'D/F#', 'Am7', 'G', 'D/F#', 'Am7']"
"""Thank God""",Kane Brown and Katelyn Brown,not found
"""Sure Thing""",Miguel,"['Dmaj7', 'Fm7', 'Amaj7/E', 'Gmaj7/D', 'Dmaj7', 'Fm7', 'Amaj7/E', 'Gmaj7/D', 'Dmaj7', 'Fm7', 'Amaj7/E', 'Gmaj7/D', 'Dmaj7', 'Fm7', 'Amaj7/E', 'Gmaj7/D', 'Dmaj7', 'Fm7', 'Amaj7/E', 'Gmaj7/D']"
"""All My Life""",Lil Durk featuring J. Cole,not found
"""Ella Baila Sola""",Eslabon Armado and Peso Pluma,"['Em', 'B7', 'Em', 'D', 'Db', 'C', 'D', 'B7', 'Em', 'D', 'C', 'D', 'B7', 'Em', 'D', 'C', 'D', 'B7', 'Em', 'D', 'C', 'D', 'B7', 'Em', 'D', 'C', 'D', 'B7', 'Em', 'D', 'C', 'D', 'B7', 'Em', 'D', 'C', 'D', 'B7', 'Em', 'D', 'C', 'D', 'B7', 'Em', 'D', 'C', 'D', 'B7', 'Em', 'D', 'C', 'D', 'B7', 'Em', 'D', 'C', 'D', 'B7', 'Em', 'D', 'C', 'D', 'B7', 'Em', 'D', 'C', 'D', 'B7', 'Em', 'D', 'C', 'D', 'B7', 'Em', 'D', 'C', 'D', 'B7', 'Em', 'D', 'C', 'D', 'B7', 'Em', 'D', 'C', 'D', 'Dsus2', 'D', 'Db', 'C', 'B7', 'Em']"
"""Karma""",Taylor Swift featuring Ice Spice,"['D', 'Am7', 'C', 'G', 'D', 'Am7', 'C', 'G', 'D', 'Am7', 'C', 'G', 'D', 'Am7', 'C', 'G', 'D', 'Am7', 'C', 'G', 'D', 'Am7', 'C', 'G', 'D', 'Am7', 'C', 'G', 'D', 'Am7', 'C', 'G', 'D', 'Am7', 'C', 'G', 'D', 'Am7', 'C', 'G', 'D', 'Am7', 'C', 'G', 'Bm', 'G', 'F#m', 'A', 'D', 'Am7', 'C', 'G', 'D', 'Am7', 'C', 'G', 'D', 'Am7', 'C', 'G', 'D', 'Am7', 'C', 'G', 'D', 'Am7', 'C', 'G', 'D', 'Am7', 'C', 'G', 'D']"
"""Just Wanna Rock""",Lil Uzi Vert,not found
"""Cuff It""",Beyoncé,not found
"""Vampire""",Olivia Rodrigo,"['Gm', 'D', 'F#7', 'G', 'Gm', 'D', 'F#7', 'G', 'Gm', 'D', 'F#7', 'G', 'Gm', 'Em', 'A7', 'D', 'F#7', 'G', 'Gm', 'D', 'F#7', 'G', 'Gm', 'D', 'D', 'F#7', 'G', 'Gm', 'D', 'F#7', 'G', 'Gm', 'Em', 'A7', 'D', 'F#7', 'G', 'Gm', 'D', 'F#7', 'G', 'Gm', 'D', 'D', 'D', 'D', 'G', 'Gm', 'D', 'A', 'G', 'Gm', 'D', 'A', 'G', 'Gm', 'D', 'A', 'Em', 'A7', 'D', 'F#7', 'G', 'Gm', 'D', 'F#7', 'G', 'Gm', 'D']"
"""FukUMean""",Gunna,"['C#m', 'C#m', 'C#m', 'F#m', 'C#m', 'C#m', 'C#m', 'F#m', 'C#m', 'C#m', 'C#m', 'F#m', 'C#m', 'C#m', 'C#m', 'F#m', 'C#m', 'C#m', 'C#m', 'F#m', 'C#m', 'C#m', 'C#m', 'F#m', 'C#m', 'C#m', 'C#m', 'F#m', 'C#m', 'C#m', 'C#m', 'F#m', 'C#m', 'C#m', 'C#m', 'F#m', 'C#m', 'C#m', 'C#m', 'F#m', 'C#m', 'C#m', 'C#m', 'F#m', 'C#m', 'C#m', 'C#m', 'F#m', 'C#m', 'C#m', 'C#m', 'F#m', 'C#m', 'C#m', 'C#m', 'F#m', 'C#m', 'C#m', 'C#m', 'F#m', 'C#m', 'C#m', 'C#m', 'F#m', 'C#m', 'F#m', 'C#m', 'F#m']"
"""Lavender Haze""",Taylor Swift,"['D', 'E', 'Bm', 'D', 'E', 'Bm', 'D', 'E', 'Bm', 'D', 'E', 'Bm', 'D', 'E', 'Bm', 'D', 'E', 'Bm', 'D', 'E', 'Bm', 'D', 'E', 'Bm', 'D', 'E', 'Bm', 'D', 'E', 'Bm', 'D', 'E', 'Bm', 'D', 'E', 'Bm', 'D', 'E', 'Bm', 'D', 'E', 'Bm', 'D', 'E', 'Bm', 'Bm', 'D', 'E', 'Bm', 'Bm', 'D', 'E', 'Bm', 'D', 'E', 'Bm', 'D', 'E', 'Bm', 'Bm', 'D', 'E', 'Bm', 'Bm']"
"""Players""",Coi Leray,not found
"""Need a Favor""",Jelly Roll,"['Em', 'G', 'D', 'A', 'Em', 'G', 'D', 'A', 'Em', 'G', 'D', 'A', 'Em', 'G', 'D', 'A', 'Em', 'Em', 'G', 'D', 'A', 'Em', 'G', 'D', 'A', 'Em', 'G', 'D', 'A', 'Em', 'G', 'D', 'A', 'Em', 'G', 'D', 'A', 'Em', 'G', 'D', 'A', 'Em', 'G', 'D', 'A', 'Em', 'G', 'D', 'A', 'Em', 'G', 'D', 'A', 'Em', 'Em', 'G', 'D', 'A', 'Em', 'G', 'D', 'A', 'Em', 'G', 'D', 'A', 'Em', 'G', 'D', 'A', 'Em', 'G', 'D', 'A', 'Em', 'G', 'D', 'A', 'Em', 'G', 'D', 'A', 'Em', 'G', 'D', 'A', 'Em', 'Em', 'G', 'D', 'A', 'Em', 'G', 'D', 'A', 'Em', 'G', 'D', 'A', 'Em', 'G', 'D', 'A', 'Em', 'G', 'D', 'A', 'Em', 'G', 'D', 'A', 'Em', 'G', 'D', 'A', 'Em', 'G', 'D', 'A', 'Em', 'G', 'D', 'A', 'Em', 'G', 'D', 'A', 'Em']"
"""Dance the Night""",Dua Lipa,"['Fm', 'C', 'Fm', 'C', 'Fm', 'C', 'Fm', 'C', 'Fm', 'C', 'Fm', 'C', 'Fm', 'C', 'Bbm', 'C', 'Fm', 'Fm', 'C', 'C', 'Fm', 'Fm', 'Fm', 'C', 'C', 'Fm', 'Fm', 'C', 'Fm', 'C', 'C', 'Fm', 'C', 'Fm', 'C', 'Bbm', 'C', 'Fm', 'C', 'Fm', 'C', 'Fm', 'C', 'Fm', 'C', 'Fm', 'Fm', 'C', 'C', 'Fm', 'Fm', 'Fm', 'C', 'C', 'Fm', 'C', 'Fm', 'C', 'Bbm', 'C', 'Em7', 'A7', 'G', 'Cmaj13', 'Em7', 'A7', 'G', 'Cmaj13', 'Em7', 'A7', 'G', 'Cmaj13', 'Em7', 'A7', 'G', 'Cmaj13', 'Am', 'Am', 'Am', 'Am', 'Am', 'Dm', 'Em', 'Am', 'Dm', 'Em', 'Am', 'Am', 'Dm', 'Em', 'Am', 'Am', 'Dm', 'Em', 'Am', 'Am', 'Dm', 'Em', 'Am', 'Am', 'Dm', 'Em', 'Am', 'Dm', 'Em', 'Am', 'Am', 'Dm', 'Am', 'Am', 'Am', 'Am', 'Am', 'Dm', 'Em', 'Am', 'Dm', 'Em', 'Am', 'Am', 'Dm', 'Em', 'Am', 'Am', 'Dm', 'Em', 'Am', 'Am', 'Dm', 'Em', 'Am', 'Am', 'Dm', 'Em', 'Am', 'Dm', 'Em', 'Am', 'Am', 'Dm', 'F', 'G', 'Em', 'F', 'G', 'Em', 'G', 'F', 'G', 'Em', 'F', 'G', 'Em', 'G', 'Am', 'Am', 'Am']"
"""Love You Anyway""",Luke Combs,"['C', 'F', 'C', 'G', 'C', 'F', 'C', 'Am', 'G', 'F', 'C', 'F', 'C', 'Am', 'G', 'F', 'Am', 'G', 'C', 'F', 'Am', 'G', 'C', 'F', 'F', 'C', 'F', 'C', 'G', 'Am', 'G', 'C', 'Am', 'G', 'C', 'F', 'C', 'F', 'C', 'Am', 'G', 'F', 'C', 'F', 'C', 'Am', 'G', 'F', 'Am', 'G', 'C', 'F', 'Am', 'G', 'C', 'F', 'F', 'C', 'F', 'C', 'G', 'Am', 'G', 'C', 'Am', 'G', 'C', 'F', 'C', 'G', 'F', 'C', 'F', 'C', 'G', 'Am', 'G', 'C', 'Am', 'G', 'F', 'Am', 'G', 'C', 'F', 'Am', 'G', 'C', 'F', 'C', 'G', 'C']"
"""One Thing at a Time""",Morgan Wallen,not found
"""Superhero (Heroes & Villains)""","Metro Boomin, Future and Chris Brown",not found
"""Bad Habit""",Steve Lacy,not found
"""La Bebé""",Yng Lvcas and Peso Pluma,not found
"""Golden Hour""",Jvke,not found
"""Religiously""",Bailey Zimmerman,"['C', 'Am', 'F', 'C', 'G', 'Am', 'F', 'C', 'G', 'Am', 'F', 'C', 'G', 'Am', 'F', 'C', 'G', 'Am', 'F', 'C', 'G', 'Am7', 'F', 'C', 'G', 'Am7', 'F', 'C', 'G', 'Am7', 'F', 'C', 'G', 'Am7', 'F', 'C', 'G', 'Am7', 'F', 'C', 'G', 'Am', 'F', 'C', 'G', 'Am', 'F', 'C', 'G', 'Am', 'F', 'C', 'G', 'Am', 'F', 'C', 'G', 'Am7', 'F', 'C', 'G', 'Am7', 'F', 'C', 'G', 'Am7', 'F', 'C', 'G', 'Am7', 'F', 'C', 'G', 'Dm', 'F', 'Dm', 'F', 'Am', 'C', 'F', 'Am7', 'F', 'C', 'G', 'Am7', 'F', 'C', 'G', 'Am', 'F', 'C']"
"""Spin Bout U""",Drake and 21 Savage,not found
"""Cupid""",Fifty Fifty,"['Dm7', 'G', 'Cmaj7', 'Am7', 'Dm7', 'G', 'Cmaj7', 'Am7', 'Dm7', 'G', 'Cmaj7', 'Am7', 'Dm7', 'G', 'Cmaj7', 'Am7', 'Dm7', 'G', 'Cmaj7', 'C7', 'Dm7', 'G', 'Cmaj7', 'Am7', 'Dm7', 'G', 'Cmaj7', 'Am7', 'Dm7', 'G', 'Cmaj7', 'Am7', 'Dm7', 'G', 'Cmaj7', 'Am7', 'Dm7', 'G', 'Cmaj7', 'Am7', 'Dm7', 'G', 'Cmaj7', 'C7', 'Dm7', 'G', 'Cmaj7', 'Am7', 'Dm7', 'G', 'Cmaj7', 'Am7', 'Dm7', 'G', 'Cmaj7', 'Am7', 'Dm7', 'G', 'Cmaj7', 'Am7', 'Dm7', 'G', 'Cmaj7', 'Am7', 'Dm7', 'G', 'Cmaj7', 'Am7', 'Dm7', 'G', 'Cmaj7', 'Am7', 'Dm7', 'G', 'Cmaj7', 'Am7', 'Dm7', 'G', 'Cmaj7', 'Am7', 'Dm7', 'G', 'Cmaj7', 'Am7']"
"""Search & Rescue""",Drake,not found
"""Barbie World""",Nicki Minaj and Ice Spice with Aqua,not found
"""Next Thing You Know""",Jordan Davis,"['D', 'Bm7', 'A', 'G', 'G', 'D', 'Bm', 'A', 'G', 'D', 'Bm', 'A', 'G', 'D', 'D', 'Bm7', 'A', 'G', 'D', 'D', 'Bm7', 'A', 'G', 'D', 'Bm', 'G', 'D', 'Bm', 'A', 'G', 'D', 'D', 'Bm7', 'A', 'G', 'D', 'D', 'Bm7', 'A', 'G', 'D', 'Bm', 'G', 'D', 'Bm', 'G', 'D', 'D', 'Bm7', 'A', 'G', 'D', 'D', 'Bm7', 'A', 'G', 'D', 'Bm', 'G', 'D', 'Bm', 'G', 'D']"
"""Escapism""",Raye featuring 070 Shake,"['Em', 'D', 'Am', 'D', 'Em', 'Bm', 'Em', 'D', 'Am', 'D', 'Em', 'Bm', 'Em', 'Em', 'D', 'Am', 'Am', 'Em', 'D', 'Am', 'D', 'Em', 'Bm', 'Em', 'D', 'Am', 'D', 'Em', 'Bm', 'Em', 'Em', 'D', 'Am', 'Am', 'Em', 'D', 'Am', 'Em', 'D', 'Am', 'D', 'Em', 'Em', 'Em', 'D', 'Am', 'Em', 'D', 'Cm', 'Bb', 'Fm', 'Cm', 'G', 'Bb', 'Cm', 'Bb', 'Fm', 'Bb', 'Cm', 'Bb']"
"""Un x100to""",Grupo Frontera and Bad Bunny,"['Dmaj7', 'C#m7', 'F#m', 'Bm7', 'E', 'Dmaj7', 'C#m7', 'F#m', 'C#m7', 'Dmaj7', 'C#m7', 'Bm7', 'E', 'Dmaj7', 'C#m7', 'F#m', 'C#m7', 'Dmaj7', 'C#m7', 'Bm7', 'E', 'Dmaj7', 'C#m7', 'F#m', 'C#m7', 'Dmaj7', 'C#m7', 'Bm7', 'E', 'Dmaj7', 'C#m7', 'F#m', 'C#m7', 'Dmaj7', 'C#m7', 'Bm7', 'E', 'Dmaj7', 'C#m7', 'Bm7', 'Dmaj7', 'Dmaj7', 'C#m7', 'Bm7', 'Dmaj7', 'Dmaj7', 'C#m7', 'F#m', 'C#m7', 'Dmaj7', 'C#m7', 'Bm7', 'E', 'Dmaj7', 'C#m7', 'F#m', 'C#m7', 'Dmaj7', 'C#m7', 'Bm7', 'E', 'Dmaj7', 'C#m7', 'F#m', 'Bm7', 'E', 'Dmaj7']"
"""Until I Found You""",Stephen Sanchez,"['Bb', 'Dm', 'Eb', 'Ebm', 'Bb', 'Dm', 'Eb', 'Ebm', 'Bb', 'Dm', 'Eb', 'Ebm', 'Bb', 'Dm', 'Eb', 'Ebm', 'Bb', 'F7', 'Eb', 'F', 'Bb', 'Dm', 'Eb', 'F', 'Bb', 'Bb7', 'Eb', 'F', 'Bb', 'Dm', 'Eb', 'Ebm', 'Bb', 'Dm', 'Eb', 'Ebm', 'Bb', 'Dm', 'Eb', 'Ebm', 'Bb', 'Dm', 'Eb', 'Ebm', 'Bb', 'F7', 'Eb', 'F', 'Bb', 'Dm', 'Eb', 'F', 'Bb', 'Bb7', 'Eb', 'F', 'Bb', 'Dm', 'Eb', 'Ebm', 'Bb', 'Dm', 'Eb', 'Ebm', 'Eb', 'F', 'Bb', 'Dm', 'Eb', 'F', 'Bb', 'Bb7', 'Eb', 'F', 'Bb', 'Dm', 'Eb', 'Ebm', 'Ebm6', 'Bb']"
"""Shirt""",SZA,not found
"""Paint the Town Red""",Doja Cat,"['Gm7', 'Am7', 'Gm7', 'Am7', 'Gm7', 'Am7', 'Gm7', 'Gm7', 'Am7', 'Gm7', 'Am7', 'Gm7', 'Am7', 'Gm7', 'Am7', 'Gm7', 'Am7', 'Gm7', 'Am7', 'Gm7', 'Am7', 'Gm7', 'Am7', 'Gm7', 'Am7', 'Gm7', 'Am7', 'Gm7', 'Am7', 'Gm7', 'Gm7', 'Am7', 'Gm7', 'Am7', 'Gm7', 'Am7', 'Gm7', 'Am7', 'Gm7', 'Am7', 'Gm7', 'Am7', 'Gm7', 'Am7', 'Gm7', 'Am7', 'Gm7', 'Am7', 'Gm7', 'Am7', 'Gm7', 'Am7', 'Gm7', 'Am7', 'Gm7', 'Am7', 'Gm7', 'Am7', 'Gm7', 'Am7', 'Gm7', 'Am7', 'Gm7', 'Am7', 'Gm7', 'Am7', 'Gm7', 'Am7', 'Gm7', 'Am7', 'Gm7', 'Am7', 'Gm7', 'Am7', 'Gm7', 'Am7', 'Gm7', 'Am7', 'Gm7', 'Am7', 'Gm7', 'Am7', 'Gm7', 'Am7', 'Gm7', 'Am7', 'Gm7', 'Gm7', 'Am7', 'Gm7', 'Am7', 'Gm7', 'Am7', 'Gm7']"
"""Made You Look""",Meghan Trainor,"['A', 'C#/F', 'F#m', 'D', 'E', 'A', 'A', 'A', 'A', 'A', 'D', 'E', 'A', 'A', 'A', 'A', 'A', 'D', 'E', 'A', 'F#m', 'A', 'B', 'E', 'D', 'A', 'C#/F', 'F#m', 'D', 'E', 'A', 'A', 'C#/F', 'F#m', 'D', 'E', 'A', 'A', 'A', 'A', 'A', 'D', 'E', 'A', 'F#m', 'A', 'B', 'E', 'D', 'A', 'C#/F', 'F#m', 'D', 'E', 'A', 'A', 'C#/F', 'F#m', 'D', 'E', 'A']"
"""Wait in the Truck""",Hardy featuring Lainey Wilson,not found
"""All I Want for Christmas Is You""",Mariah Carey,not found
"""Everything I Love""",Morgan Wallen,"['G', 'G', 'G', 'G', 'G', 'G', 'C', 'G', 'Em', 'C', 'G', 'C', 'G', 'D', 'C', 'G', 'G', 'G', 'G', 'C', 'G', 'Em', 'C', 'G', 'C', 'G', 'D', 'C', 'G', 'G', 'C', 'C', 'G', 'G', 'C', 'C', 'D', 'D', 'G', 'C', 'G', 'D', 'C', 'G', 'G', 'C', 'G', 'D', 'C', 'G', 'G', 'D', 'C', 'G', 'G', 'G', 'G']"
"""Chemical""",Post Malone,"['C', 'Dm', 'F', 'F', 'C', 'Dm', 'F', 'F', 'C', 'Dm', 'F', 'F', 'C', 'Dm', 'F', 'F', 'Am', 'G', 'F', 'F', 'Am', 'G', 'F', 'F', 'C', 'Dm', 'F', 'F', 'C', 'Dm', 'F', 'F', 'C', 'Dm', 'F', 'F', 'Am', 'G', 'F', 'F', 'Am', 'C', 'F', 'F', 'C', 'Dm', 'F', 'F', 'C', 'Dm', 'F', 'F', 'C', 'Dm', 'F', 'F', 'C', 'Dm', 'F', 'F', 'Am', 'G', 'F', 'F', 'Am', 'G', 'F', 'F', 'C', 'Dm', 'F', 'F', 'C', 'Dm', 'F', 'F', 'C', 'Dm', 'F', 'F', 'Am', 'G', 'F', 'F', 'Am', 'C', 'F', 'F', 'Am', 'G', 'F', 'F', 'Am', 'G', 'F', 'F', 'Am', 'G', 'F', 'F', 'Am', 'G', 'F', 'F', 'Am', 'G', 'F', 'F', 'Am', 'G', 'F', 'F']"
"""Heart Like a Truck""",Lainey Wilson,"['A', 'A', 'A', 'E/G#', 'F#m', 'D', 'A', 'E/G#', 'F#m7', 'D', 'A', 'E/G#', 'F#m7', 'E', 'A', 'E/G#', 'F#m', 'D', 'A', 'A', 'E/G#', 'F#m', 'D', 'A', 'E/G#', 'F#m7', 'E', 'A', 'E/G#', 'F#m', 'D', 'A', 'A', 'E/G#', 'F#m', 'E', 'D', 'D', 'E', 'E', 'A', 'Aaug', 'D', 'E', 'Dmaj7', 'E', 'F#m7', 'E', 'A', 'E/G#', 'F#m', 'D', 'A', 'E/G#', 'F#m', 'E', 'D', 'D', 'E', 'A', 'E/G#', 'F#m', 'E', 'D', 'E', 'A', 'G', 'G', 'G', 'D/F#', 'Em', 'C', 'G', 'D/F#', 'Em7', 'C', 'G', 'D/F#', 'Em7', 'D', 'G', 'D/F#', 'Em', 'C', 'G', 'G', 'D/F#', 'Em', 'C', 'G', 'D/F#', 'Em7', 'D', 'G', 'D/F#', 'Em', 'C', 'G', 'G', 'D/F#', 'Em', 'D', 'C', 'C', 'D', 'D', 'G', 'Gaug', 'C', 'D', 'Cmaj7', 'D', 'Em7', 'D', 'G', 'D/F#', 'Em', 'C', 'G', 'D/F#', 'Em', 'D', 'C', 'C', 'D', 'G', 'D/F#', 'Em', 'D', 'C', 'D', 'G']"
"""Going, Going, Gone""",Luke Combs,"['F', 'Am', 'Bb', 'C', 'F', 'Am', 'Bb', 'C', 'F', 'Am', 'Bb', 'C', 'F', 'Am', 'Bb', 'C', 'F', 'Am', 'Bb', 'C', 'F', 'Am', 'Bb', 'F', 'Am', 'Bb', 'C', 'F', 'Am', 'Bb', 'C', 'F', 'Am', 'Bb', 'C', 'F', 'Am', 'Bb', 'C', 'F', 'Am', 'Bb', 'C', 'F', 'Am', 'Bb', 'C', 'F', 'Am', 'Bb', 'C', 'F', 'Am', 'Bb', 'C', 'F', 'Am', 'Bb', 'C', 'F', 'Am', 'Bb', 'C', 'F', 'Am', 'Bb', 'C', 'F', 'Am', 'Bb', 'C', 'F', 'Am', 'Bb', 'C', 'F', 'F', 'Am', 'Bb', 'C', 'Bb', 'C', 'Dm', 'C', 'F', 'Am', 'Bb', 'C', 'F', 'Am', 'Bb', 'C', 'F', 'Am', 'Bb', 'C', 'F', 'Am', 'Bb', 'C', 'F', 'F', 'Am', 'Bb', 'C', 'F', 'Am', 'Bb', 'C', 'F', 'G', 'Bm', 'C', 'D', 'G', 'Bm', 'C', 'D', 'G', 'Bm', 'C', 'D', 'G', 'Bm', 'C', 'D', 'G', 'Bm', 'C', 'D', 'G', 'Bm', 'C', 'G', 'Bm', 'C', 'D', 'G', 'Bm', 'C', 'D', 'G', 'Bm', 'C', 'D', 'G', 'Bm', 'C', 'D', 'G', 'Bm', 'C', 'D', 'G', 'Bm', 'C', 'D', 'G', 'Bm', 'C', 'D', 'G', 'Bm', 'C', 'D', 'G', 'Bm', 'C', 'D', 'G', 'Bm', 'C', 'D', 'G', 'Bm', 'C', 'D', 'G', 'Bm', 'C', 'D', 'G', 'Bm', 'C', 'D', 'G', 'G', 'Bm', 'C', 'D', 'C', 'D', 'Em', 'D', 'G', 'Bm', 'C', 'D', 'G', 'Bm', 'C', 'D', 'G', 'Bm', 'C', 'D', 'G', 'Bm', 'C', 'D', 'G', 'G', 'Bm', 'C', 'D', 'G', 'Bm', 'C', 'D', 'G']"
"""Rockin' Around the Christmas Tree""",Brenda Lee,not found
"""Dancin' in the Country""",Tyler Hubbard,"['Cadd9', 'Em', 'G', 'D', 'Cadd9', 'Em', 'G', 'D', 'Cadd9', 'Em', 'G', 'D', 'Cadd9', 'Em', 'G', 'D', 'Cadd9', 'Em', 'G', 'D', 'Cadd9', 'Em', 'G', 'D', 'Cadd9', 'Em', 'G', 'D', 'Cadd9', 'Em', 'G', 'D', 'Cadd9', 'Em', 'G', 'D', 'Cadd9', 'Em', 'G', 'D', 'Cadd9', 'Em', 'G', 'D', 'Cadd9', 'Em', 'G', 'D', 'Cadd9', 'Em', 'G', 'D', 'Cadd9', 'Em', 'G', 'D', 'Cadd9', 'Em', 'G', 'D', 'Cadd9', 'Em', 'G', 'D', 'Cadd9', 'Em', 'G', 'D', 'Cadd9', 'Em', 'G', 'D', 'Cadd9', 'Em', 'G', 'D', 'Cadd9', 'Em', 'G', 'D', 'Cadd9', 'Em', 'G', 'D', 'Cadd9', 'G', 'Em', 'D', 'Cadd9', 'Em', 'G', 'D', 'Cadd9', 'G', 'Em', 'D', 'Cadd9', 'Em', 'D', 'Cadd9', 'Em', 'G', 'D', 'Cadd9', 'Em', 'G', 'D', 'Cadd9', 'Em', 'G', 'D', 'Cadd9', 'Em', 'G', 'D', 'Cadd9', 'Em', 'G', 'D', 'Cadd9', 'Em', 'G', 'D', 'Cadd9', 'Em', 'G', 'D', 'Cadd9', 'Em', 'G', 'D', 'Cadd9', 'Em', 'G', 'D']"
"""Daylight""",David Kushner,"['F', 'Dm', 'Am', 'F', 'Dm', 'C', 'F', 'Dm', 'C', 'F', 'Dm', 'C', 'F', 'Dm', 'C', 'F', 'Dm', 'C', 'Am', 'C/G', 'Fmaj7/C', 'Dm', 'Am', 'C/G', 'Fmaj7/C', 'Dm', 'F', 'Dm', 'Am', 'F', 'Dm', 'Am', 'F', 'Dm', 'Am', 'F', 'Dm', 'Am', 'F', 'Dm', 'C', 'F', 'Dm', 'C', 'F', 'Dm', 'C', 'F', 'Dm', 'C', 'Am', 'C/G', 'Fmaj7/C', 'Dm', 'Am', 'C/G', 'Fmaj7/C', 'Dm', 'F', 'Dm', 'Am', 'F', 'Dm', 'Am', 'F', 'Dm', 'Am', 'F', 'Dm', 'Am', 'F', 'Dm', 'Am', 'F', 'Dm', 'Am', 'F', 'Dm', 'Am', 'F', 'Dm', 'Am', 'F', 'Dm', 'Am']"
"""Lift Me Up""",Rihanna,"['A', 'Bm', 'E7', 'A', 'A', 'Bm', 'E7', 'A', 'Bm', 'E7', 'A', 'Bm', 'E7', 'A', 'A', 'Bm', 'E7', 'A', 'A', 'Bm', 'E7', 'A', 'Bm', 'E7', 'A', 'A', 'Bm', 'E7', 'A', 'A', 'Bm', 'E7', 'A', 'A', 'Bm', 'E7', 'A', 'Bm', 'E7', 'A', 'A', 'Bm', 'E7', 'A', 'F#m7', 'Bm', 'E7', 'A', 'F#m7', 'Bm', 'E7', 'A', 'F#m7', 'Bm', 'E7', 'A', 'F#m7', 'Bm', 'E7', 'A', 'F#m7', 'Bm', 'E7', 'A']"
"""Eyes Closed""",Ed Sheeran,"['B', 'B/A#', 'G#m', 'E', 'B', 'B/A#', 'G#m', 'E', 'B', 'B/A#', 'G#m', 'E', 'B', 'B/A#', 'G#m', 'E', 'B', 'B/A#', 'G#m', 'E', 'B', 'B/A#', 'G#m', 'E', 'B', 'B/A#', 'G#m', 'E', 'B', 'B/A#', 'G#m', 'E', 'B', 'B/A#', 'G#m', 'E', 'B', 'B/A#', 'G#m', 'E', 'B', 'B/A#', 'G#m', 'E', 'B', 'B/A#', 'G#m', 'E', 'B', 'B/A#', 'G#m', 'E', 'B', 'B/A#', 'G#m', 'E', 'B', 'B/A#', 'G#m', 'E', 'B', 'B/A#', 'G#m', 'E', 'B', 'B/A#', 'G#m', 'E', 'B', 'B/A#', 'G#m', 'E', 'B', 'B/A#', 'G#m', 'E', 'B', 'B/A#', 'G#m', 'E', 'B', 'B/A#', 'G#m', 'E', 'B', 'B/A#', 'G#m', 'E', 'B', 'B/A#', 'G#m', 'E']"
"""TQG""",Karol G and Shakira,"['Bm7', 'Bbdim', 'Em7', 'Bm7', 'Bm7', 'Bbdim', 'Em7', 'Bm7', 'Bbdim', 'Em7', 'Bm7', 'Bbdim', 'Em7', 'Bm7', 'Bbdim', 'Em7', 'Bm7', 'Bm7', 'Bbdim', 'Em7', 'Bm7', 'Bm7', 'Bbdim', 'Em7', 'Bm7', 'Bm7', 'Bbdim', 'Em7', 'Bm7', 'Bm7', 'Bbdim', 'Em7', 'Bm7', 'Bbdim', 'Em7', 'Bm7', 'Bbdim', 'Em7', 'Bm7', 'Bm7', 'Bbdim', 'Em7', 'Bm7', 'Bm7', 'Bbdim', 'Em7', 'Bm7', 'Bm7', 'Bbdim', 'Em7', 'Bm7', 'Bbdim', 'Em7', 'Bm7', 'Bbdim', 'Em7', 'Bm7', 'Bm7', 'Bbdim', 'Em7', 'Bm7', 'Bbdim', 'Em7', 'Bm7']"
"""Try That in a Small Town""",Jason Aldean,not found
"""Tennessee Orange""",Megan Moroney,not found
"""Jingle Bell Rock""",Bobby Helms,"['C', 'C', 'G', 'G', 'C', 'C#dim7', 'Dm7', 'G7', 'Dm7', 'G7', 'Dm7', 'G7', 'Dm7', 'G7', 'G7#5', 'C', 'C#dim7', 'Dm7', 'G7', 'Dm7', 'G7', 'Dm7', 'G7', 'D7', 'G7', 'C', 'C7', 'F', 'F#dim7', 'C/G', 'C', 'Am7', 'D9', 'Am7', 'D9', 'G7', 'Dm7', 'G7', 'C', 'Em7b5/A#', 'A7#5', 'F', 'Fm', 'D7', 'G7', 'C', 'C#dim', 'Dm7', 'G7', 'C', 'C#dim7', 'Dm7', 'G7', 'Dm7', 'G7', 'Dm7', 'G7', 'D7', 'G7', 'C', 'C7', 'F', 'F#dim7', 'C/G', 'C', 'Am7', 'D9', 'Am7', 'D9', 'G7', 'Dm7', 'G7', 'C', 'Em7b5/A#', 'A7#5', 'F', 'Fm', 'D7', 'G7', 'D7', 'G', 'D7', 'G7', 'C', 'Dm7', 'B', 'C']"
"""Princess Diana""",Ice Spice and Nicki Minaj,not found
"""Tomorrow 2""",GloRilla and Cardi B,not found
"""A Holly Jolly Christmas""",Burl Ives,"['G', 'C', 'G', 'C', 'G', 'C', 'C7', 'F', 'Em', 'F', 'C', 'Dm', 'Am', 'D7', 'G', 'G7', 'C', 'G', 'C', 'D7', 'G', 'C', 'C', 'G', 'C', 'C7', 'F', 'Em', 'F', 'C', 'Dm', 'Am', 'D7', 'G', 'G7', 'C', 'G', 'C', 'D7', 'G', 'C', 'G', 'C', 'D7', 'G', 'C']"
"""Where She Goes""",Bad Bunny,"['Dm', 'Am', 'G', 'Em', 'Dm', 'Am', 'G', 'Em', 'Dm', 'Am', 'G', 'Em', 'Dm', 'Am', 'G', 'Em', 'Dm', 'Am', 'G', 'Em', 'Dm', 'Am', 'G', 'Em', 'Dm', 'Am', 'G', 'Em', 'Dm', 'Am', 'G', 'Em', 'Dm', 'Am', 'G', 'Em', 'Dm', 'Am', 'G', 'Dm', 'Am', 'G', 'Em', 'Dm', 'Am', 'G', 'Em', 'Dm', 'Am', 'G', 'Em', 'Dm', 'Am', 'G', 'Em', 'Dm', 'Am', 'G', 'Em', 'Dm', 'Am', 'G', 'Em']"
"""Bebe Dame""",Fuerza Regida and Grupo Frontera,"['Am7', 'D', 'G', 'Bm7', 'Em7', 'Am7', 'D', 'G', 'F#m', 'Em7', 'Am', 'D', 'G', 'B7', 'Em', 'Am7', 'D7', 'G', 'Em', 'Am', 'D', 'G', 'Gm7', 'Em7', 'Am', 'D', 'G', 'Gm7', 'Em', 'Am', 'D7', 'G', 'D7', 'Em7', 'Am', 'D7', 'G', 'Em7', 'Am7', 'D7', 'G', 'Em7', 'Am', 'D', 'Asus2', 'B7', 'Em7']"
"""I Remember Everything""",Zach Bryan featuring Kacey Musgraves,"['Am7', 'G', 'C', 'C', 'G', 'Am7', 'Am7', 'G', 'C', 'C', 'G', 'Am7', 'Am7', 'G', 'C', 'C', 'G', 'Am7', 'Am7', 'G', 'C', 'C', 'G', 'Am7', 'Am7', 'G', 'C', 'C', 'G', 'Am7', 'Am7', 'G', 'C', 'C', 'G', 'Am7', 'Am7', 'G', 'C', 'C', 'G', 'Am7', 'F', 'C', 'G', 'Am7', 'F', 'C', 'G', 'Am7', 'F', 'C', 'G', 'Am7', 'F', 'C', 'G', 'Am7', 'F', 'C', 'G', 'Am7', 'G', 'C', 'C', 'G', 'Am7', 'Am7', 'G', 'C', 'C', 'G', 'Am7', 'Am7', 'G', 'C', 'C', 'G', 'Am7', 'F', 'C', 'G', 'Am7', 'F', 'C', 'G', 'Am7', 'F', 'C', 'G', 'Am7', 'F', 'C', 'G', 'Am7', 'F', 'C', 'G', 'Am7', 'F', 'C', 'G', 'Am7', 'F', 'C', 'G', 'Am7', 'F', 'C', 'G', 'Am7', 'F', 'C', 'G', 'Am7', 'G', 'C', 'C', 'G', 'Am7', 'Am7', 'G', 'C', 'C', 'G', 'Am7']"
"""I Like You (A Happier Song)""",Post Malone featuring Doja Cat,not found
"""What It Is (Block Boy)""",Doechii featuring Kodak Black,"['Dm', 'Am', 'E', 'Am', 'Dm', 'Am', 'E', 'Am', 'Dm', 'Am', 'E', 'Am', 'Dm', 'Am', 'E', 'Am', 'Dm', 'Am', 'E', 'Am', 'Dm', 'Am', 'E', 'Am', 'Dm', 'Am', 'E', 'Am', 'Dm', 'Am', 'E', 'Am', 'Dm', 'Am', 'E', 'Am', 'Dm', 'Am', 'E', 'Am', 'Dm', 'Am', 'E', 'Am', 'Dm', 'Am', 'E', 'Am', 'Dm', 'Am', 'Dm', 'Am', 'E', 'Am', 'Dm', 'Am', 'E', 'Am', 'Dm', 'Am', 'E', 'Am', 'Dm', 'Am', 'E', 'Am', 'Dm', 'Am', 'E', 'Am', 'Dm', 'Am', 'E', 'Am', 'Dm', 'Am', 'E', 'Am', 'Dm', 'Am', 'E', 'Am', 'Dm', 'Am', 'E', 'Am', 'Dm', 'Am', 'E', 'Am', 'Dm', 'Am', 'E', 'Am', 'Dm', 'Am', 'E', 'Am', 'Dm', 'Am', 'E', 'Am']"
"""Nobody Gets Me""",SZA,"['G', 'D', 'Am', 'G', 'D', 'Am', 'G', 'D', 'Am', 'G', 'D', 'Am', 'C', 'Cm', 'G', 'D', 'Am', 'G', 'D', 'Am', 'G', 'D', 'Am', 'G', 'D', 'Am', 'G', 'D', 'Am', 'G', 'D', 'Am', 'G', 'D', 'Am', 'C', 'Cm', 'G', 'D', 'Am', 'G', 'D', 'Am', 'G', 'D', 'Am', 'G', 'D', 'Am']"
"""Rich Men North of Richmond""",Oliver Anthony Music,"['Em', 'C', 'G', 'D', 'D6', 'D', 'Em', 'C', 'G', 'D', 'D6', 'D', 'Em', 'C', 'G', 'D', 'D6', 'D', 'Em', 'C', 'G', 'D', 'D6', 'D', 'Em', 'C', 'G', 'D', 'D6', 'D', 'Em', 'C', 'G', 'D', 'D6', 'D', 'Em', 'C', 'G', 'D', 'D6', 'D', 'Em', 'C', 'G', 'D', 'D6', 'D', 'Em', 'C', 'G', 'D', 'D6', 'D', 'Em', 'C', 'G', 'D', 'Em', 'C', 'G', 'D', 'D6', 'D', 'Em', 'C', 'G', 'D', 'D6', 'D', 'Em', 'C', 'G', 'D', 'Em', 'C', 'G', 'D', 'D6', 'D', 'Em', 'C', 'G', 'D', 'D6', 'D', 'Em', 'C', 'G', 'D', 'D6', 'D', 'Em', 'C', 'G', 'D', 'D6', 'D', 'Em', 'C', 'G', 'D', 'Em', 'C', 'G', 'D', 'D6', 'D', 'Em', 'C', 'G', 'D', 'D6', 'D', 'Em', 'C', 'G', 'D', 'Em', 'C', 'G', 'D', 'D6', 'D', 'Em']"
"""Super Freaky Girl""",Nicki Minaj,not found
"""Dial Drunk""",Noah Kahan and Post Malone,"['Cadd9', 'G', 'Em7', 'Cadd9', 'G', 'Em7', 'Cadd9', 'G', 'Em7', 'G/B', 'Cadd9', 'G', 'Em7', 'Cadd9', 'G', 'D', 'Em7', 'G/B', 'Cadd9', 'G', 'D', 'Em7', 'G/B', 'Cadd9', 'G', 'D', 'Em7', 'G/B', 'Cadd9', 'G', 'D', 'Em7', 'Cadd9', 'Cadd9', 'G', 'Em7', 'Cadd9', 'G', 'Em7', 'Cadd9', 'G', 'Em7', 'Cadd9', 'G', 'D', 'Em7', 'Cadd9', 'G', 'D', 'Em7', 'G/B', 'Cadd9', 'G', 'D', 'Em7', 'G/B', 'Cadd9', 'G', 'D', 'Em7', 'Cadd9', 'G', 'D', 'Em7', 'G/B', 'Cadd9', 'G', 'D', 'Em7', 'Cadd9', 'G', 'D', 'Em7', 'Cadd9', 'G', 'D', 'Em7', 'Cadd9', 'G', 'D', 'Em7', 'Cadd9', 'G', 'D', 'Em7', 'Cadd9', 'G', 'D', 'Em7', 'Cadd9', 'G', 'D', 'Em7', 'Cadd9', 'G', 'D', 'Em7']"
"""What Was I Made For?""",Billie Eilish,"['C', 'Em', 'Fmaj7', 'C', 'Em', 'Fmaj7', 'C', 'Em', 'Fmaj7', 'C', 'Em', 'Fmaj7', 'C', 'Em', 'Fmaj7', 'Am', 'Em', 'Fmaj7', 'C', 'Em', 'Fmaj7', 'C', 'Em', 'Fmaj7', 'C', 'Em', 'Fmaj7', 'Am', 'Em', 'Fmaj7', 'Em', 'Dm', 'G7', 'C', 'Em', 'F', 'C', 'Em', 'F', 'C', 'Em', 'F', 'C', 'Em', 'F', 'Am', 'Em', 'F', 'C', 'Em', 'Fmaj7', 'C', 'Em', 'Fmaj7', 'C', 'Em', 'Fmaj7', 'C', 'Em', 'Fmaj7', 'C', 'Em', 'Fmaj7', 'Am', 'Em', 'Fmaj7', 'Em', 'Dm', 'G7', 'C', 'Em', 'F', 'C', 'Em', 'F', 'C', 'Em', 'F', 'C', 'Em', 'F', 'Am', 'Em', 'F', 'Em', 'F', 'C', 'Em', 'Fmaj7', 'C', 'Em', 'Fmaj7', 'C', 'Em', 'Fmaj7', 'Am', 'Em', 'Fmaj7', 'Em', 'Dm', 'G7']"
"""Seven""",Jungkook featuring Latto,not found
"""Wait for U""",Future featuring Drake and Tems,not found
"""Last Christmas""",Wham!,"['D', 'Bm', 'Em', 'A', 'D', 'Bm', 'Em', 'A', 'D', 'Bm', 'Em', 'A', 'D', 'Bm', 'Em', 'A', 'D', 'Bm', 'Em', 'Em', 'A', 'D', 'Bm', 'Em', 'A', 'D', 'Bm', 'Em', 'A', 'D', 'Bm', 'Em', 'A', 'D', 'Bm', 'Em', 'A', 'D', 'Bm', 'Em', 'A', 'D', 'Bm', 'Em', 'Em', 'A', 'D', 'Bm', 'Em', 'A', 'D', 'Bm', 'Em', 'A', 'D', 'Bm', 'Em', 'A', 'D', 'D', 'Bm', 'Em', 'A']"
"""Handle on You""",Parker McCollum,"['D', 'A', 'Em', 'G', 'D', 'A', 'Em', 'D', 'A', 'Em7', 'G', 'D', 'A', 'Em7', 'G', 'D', 'A', 'Em7', 'G', 'D', 'A', 'Em7', 'G', 'D', 'A', 'Em7', 'G', 'D', 'A', 'Em7', 'G', 'Bm', 'A', 'G', 'Em7', 'A', 'D', 'A', 'Em7', 'D', 'A', 'Em7', 'G', 'D', 'A', 'Em7', 'G', 'D', 'A', 'Em7', 'G', 'D', 'A', 'Em7', 'G', 'D', 'A', 'Em7', 'G', 'D', 'A', 'Em7', 'G', 'Bm', 'A', 'G', 'Em7', 'A', 'D', 'D', 'A', 'Em7', 'D', 'A', 'Em7', 'Bm', 'A', 'G', 'Em7', 'A', 'D', 'A', 'Em', 'D', 'A', 'Em']"
"""Por Las Noches""",Peso Pluma,not found
"""Memory Lane""",Old Dominion,"['D', 'G', 'D', 'G', 'D', 'G', 'D', 'G', 'D', 'G', 'A', 'Bm', 'G', 'D', 'A', 'Bm', 'G', 'G', 'D', 'G', 'D', 'G', 'A', 'Bm', 'G', 'D', 'A', 'Bm', 'G', 'G', 'D', 'G', 'D', 'G', 'A', 'Bm', 'G', 'D', 'A', 'Bm', 'G', 'G', 'D', 'G', 'D', 'G', 'D', 'G', 'D', 'G', 'D']"
"""Area Codes""",Kaliii,not found
"""Bury Me in Georgia""",Kane Brown,"['Gm', 'C', 'Bb', 'Gm', 'C', 'Bb', 'Gm', 'C', 'Bb', 'Gm', 'C', 'Bb', 'Gm', 'C', 'Bb', 'Gm', 'Bb/D', 'Gm', 'C', 'Bb', 'Gm', 'D7', 'Gm', 'F', 'C/E', 'Eb', 'D7', 'Gm', 'C', 'Bb', 'Gm', 'C', 'Bb', 'Gm', 'C', 'Bb', 'Gm', 'Gm', 'Gm', 'Bb/D', 'Gm', 'C', 'Bb', 'Gm', 'D7', 'Gm', 'F', 'C/E', 'Eb', 'D7', 'Gm', 'C', 'Bb', 'Gm', 'Gm', 'Gm', 'C', 'Bb', 'Gm', 'F', 'C/E', 'Eb', 'Gm', 'F', 'C/E', 'Eb', 'D7', 'Gm', 'C', 'Bb', 'Gm', 'D7', 'Gm', 'F', 'C/E', 'Eb', 'D7', 'Gm', 'C', 'Bb', 'Gm', 'C', 'Bb', 'Gm', 'Gm', 'Gm', 'C', 'Bb']"
"""PRC""",Peso Pluma and Natanael Cano,not found
"""What My World Spins Around""",Jordan Davis,"['D', 'D', 'D', 'D', 'D', 'D', 'G', 'Gmaj7', 'G', 'D', 'D', 'Gmaj7', 'D', 'D', 'G', 'Gmaj7', 'D', 'D', 'G', 'G', 'D', 'D', 'D', 'D', 'Gmaj7', 'D', 'D', 'Gmaj7', 'D', 'D', 'Gmaj7', 'G', 'D', 'D', 'D', 'Gmaj7', 'Gmaj7', 'D', 'D', 'Gmaj7', 'D', 'D', 'Gmaj7', 'D', 'D', 'Gmaj7', 'Gmaj7', 'Gmaj7', 'Gmaj7', 'D']"
"""Ain't That Some""",Morgan Wallen,"['C#m', 'A', 'E', 'F#m', 'C#m', 'A', 'F#m', 'E', 'C#m', 'A', 'E', 'F#m', 'C#m', 'A', 'E', 'F#m', 'C#m', 'A', 'E', 'F#m', 'C#m', 'A', 'F#m', 'E', 'C#m', 'A', 'E', 'F#m', 'C#m', 'A', 'E', 'F#m', 'C#m', 'A', 'E', 'F#m', 'C#m', 'A', 'E', 'F#m', 'C#m', 'A', 'F#m', 'E', 'C#m', 'A', 'E', 'F#m', 'C#m', 'A', 'E', 'F#m', 'C#m', 'A', 'E', 'F#m', 'C#m', 'A', 'F#m', 'E', 'C#m', 'A', 'E', 'F#m', 'C#m', 'A', 'F#m', 'E', 'C#m', 'A', 'E', 'F#m', 'C#m', 'A', 'E', 'F#m', 'C#m']"
"""Wild as Her""",Corey Kent,"['Em', 'G', 'C', 'Em', 'G', 'C', 'Em', 'G', 'C', 'Em', 'G', 'C', 'Em', 'G', 'C', 'Em', 'G', 'C', 'Em', 'G', 'C', 'Em', 'G', 'C', 'Em', 'G', 'C', 'Em', 'G', 'C', 'Em', 'G', 'C', 'Em', 'G', 'C', 'Em', 'G', 'C', 'Em', 'G', 'C', 'Em', 'G', 'C', 'Em', 'G', 'C', 'Em', 'G', 'C', 'Em', 'G', 'C', 'Em', 'G', 'C', 'Em', 'C', 'Em', 'C', 'Em', 'G', 'C', 'C', 'D', 'Em', 'G', 'C', 'Em', 'G', 'C', 'Em', 'G', 'C', 'Em', 'G', 'C', 'Em', 'G', 'C', 'Em', 'G', 'C', 'Em', 'G', 'C', 'Em', 'G', 'C']"
"""Peaches & Eggplants""",Young Nudy featuring 21 Savage,not found
"""I Wrote the Book""",Morgan Wallen,"['C', 'Cmaj7', 'C', 'F', 'Fmaj7', 'F', 'C', 'Cmaj7', 'C', 'F', 'Fmaj7', 'F', 'C', 'C', 'F', 'Fmaj7', 'F', 'C', 'C', 'F', 'Fmaj7', 'F', 'C', 'C', 'C', 'F', 'C', 'C', 'C', 'F', 'C', 'C', 'F', 'C', 'C', 'C', 'F', 'C', 'C', 'C', 'F', 'F', 'C', 'Fmaj7', 'F', 'C', 'C', 'F', 'C', 'C', 'C', 'F', 'C', 'C', 'Fmaj7', 'F', 'C']"
"""Bzrp Music Sessions, Vol. 53""",Bizarrap and Shakira,"['Dm', 'F', 'Bb', 'Gm', 'Dm', 'F', 'Bb', 'Gm', 'Dm', 'F', 'Bb', 'Gm', 'Dm', 'F', 'Bb', 'Gm', 'Dm', 'F', 'Bb', 'Gm', 'Dm', 'F', 'Bb', 'Dm', 'F', 'Bb', 'Gm', 'Dm', 'F', 'Bb', 'Gm', 'Dm', 'F', 'Bb', 'Gm', 'Dm', 'F', 'Bb', 'Dm', 'F', 'Bb', 'Gm', 'Dm', 'F', 'Bb', 'Dm', 'F', 'Bb', 'Gm', 'Dm', 'F', 'Bb', 'Dm', 'F', 'Bb', 'Gm', 'Dm', 'F', 'Bb', 'Gm', 'Dm', 'F', 'Bb', 'Gm', 'Dm', 'F', 'Bb', 'Gm', 'Dm', 'Dm', 'Bb', 'Bb', 'Dm', 'F', 'Bb', 'Dm', 'F', 'Bb', 'Gm', 'Dm', 'F', 'Bb', 'Dm', 'F', 'Bb', 'Gm', 'Dm', 'F', 'Bb', 'Gm', 'Dm', 'F', 'Bb', 'Gm', 'Dm', 'F', 'Bb', 'Gm', 'Dm']"
"""Meltdown""",Travis Scott featuring Drake,not found
"""Put It on da Floor Again""",Latto featuring Cardi B,not found
"""Bloody Mary""",Lady Gaga,"['E', 'F', 'E', 'Am', 'E', 'F', 'E', 'Am', 'Dm', 'F', 'Am', 'C', 'Dm', 'F', 'E', 'E7', 'F', 'G', 'Am', 'G', 'Em', 'F', 'G', 'Am', 'G', 'Em', 'E', 'F', 'E', 'Am', 'E', 'F', 'E', 'Am', 'Dm', 'F', 'Am', 'C', 'Dm', 'F', 'E', 'E7', 'F', 'G', 'Am', 'G', 'Em', 'F', 'G', 'Am', 'G', 'Em', 'Am', 'Dm', 'F', 'Am', 'C', 'Dm', 'F', 'E', 'E7', 'F', 'G', 'Am', 'G', 'Em', 'F', 'G', 'Am', 'G', 'Em', 'F', 'Am', 'G', 'Em', 'F', 'Am', 'G', 'Em', 'F']"
"""Watermelon Moonshine""",Lainey Wilson,"['C', 'Am', 'Dm', 'G', 'C', 'Am', 'Dm', 'G', 'C', 'Am', 'Dm7', 'Dm', 'G', 'C', 'Am', 'Dm7', 'Dm', 'G', 'C', 'Am', 'Dm', 'G', 'C', 'C', 'Am', 'Dm', 'G', 'C', 'Am', 'Dm', 'G', 'C', 'Am', 'Dm', 'G', 'C', 'Am', 'Dm7', 'Dm', 'G', 'F', 'Bb', 'F', 'C', 'Bb', 'F', 'G', 'C', 'C', 'Am', 'Am', 'Dm', 'Dm', 'G', 'C', 'Am', 'Dm', 'G', 'C', 'Am', 'Dm', 'G', 'C', 'Am', 'Dm7', 'G', 'C', 'D', 'Bm', 'Em', 'A', 'D', 'Bm', 'Em', 'A', 'D', 'Bm', 'Em7', 'Em', 'A', 'D', 'Bm', 'Em7', 'Em', 'A', 'D', 'Bm', 'Em', 'A', 'D', 'D', 'Bm', 'Em', 'A', 'D', 'Bm', 'Em', 'A', 'D', 'Bm', 'Em', 'A', 'D', 'Bm', 'Em7', 'Em', 'A', 'G', 'C', 'G', 'D', 'C', 'G', 'A', 'D', 'D', 'Bm', 'Bm', 'Em', 'Em', 'A', 'D', 'Bm', 'Em', 'A', 'D', 'Bm', 'Em', 'A', 'D', 'Bm', 'Em7', 'A', 'D']"
